{
    "$schema": "https://schema.management.azure.com/schemas/2015-01-01/deploymentParameters.json#",
    "contentVersion": "1.0.0.0",
    "parameters": {
        "subscriptionId": {
            "value": "da16b43a-ea1c-44c9-bb7e-55a6cb0fb318"
        },
        "name": {
            "value": "MultiS"
        },
        "location": {
            "value": "North Europe"
        },
        "storageBlobContainerName": {
            "value": "app-package-multis-5b102ed"
        },
        "storageAccountName": {
            "value": "networkwatcherrg99f6"
        },
        "sku": {
            "value": "FlexConsumption"
        },
        "skuCode": {
            "value": "FC1"
        },
        "workerSize": {
            "value": "0"
        },
        "workerSizeId": {
            "value": "0"
        },
        "numberOfWorkers": {
            "value": "1"
        },
        "hostingPlanName": {
            "value": "ASP-NetworkWatcherRG-81c8"
        },
        "serverFarmResourceGroup": {
            "value": "NetworkWatcherRG"
        },
        "alwaysOn": {
            "value": false
        }
    }
}