{
    "$schema": "http://schema.management.azure.com/schemas/2015-01-01/deploymentTemplate.json#",
    "contentVersion": "1.0.0.0",
    "parameters": {
        "location": {
            "type": "string"
        },
        "storageAccountName": {
            "type": "string"
        },
        "accountType": {
            "type": "string"
        },
        "kind": {
            "type": "string"
        },
        "minimumTlsVersion": {
            "type": "string"
        },
        "supportsHttpsTrafficOnly": {
            "type": "bool"
        },
        "allowBlobPublicAccess": {
            "type": "bool"
        },
        "allowSharedKeyAccess": {
            "type": "bool"
        },
        "defaultOAuth": {
            "type": "bool"
        },
        "accessTier": {
            "type": "string"
        },
        "publicNetworkAccess": {
            "type": "string"
        },
        "allowCrossTenantReplication": {
            "type": "bool"
        },
        "networkAclsBypass": {
            "type": "string"
        },
        "networkAclsDefaultAction": {
            "type": "string"
        },
        "networkAclsIpRules": {
            "type": "array"
        },
        "dnsEndpointType": {
            "type": "string"
        },
        "largeFileSharesState": {
            "type": "string"
        },
        "keySource": {
            "type": "string"
        },
        "encryptionEnabled": {
            "type": "bool"
        },
        "keyTypeForTableAndQueueEncryption": {
            "type": "string"
        },
        "infrastructureEncryptionEnabled": {
            "type": "bool"
        },
        "isContainerRestoreEnabled": {
            "type": "bool"
        },
        "containerRestorePeriodDays": {
            "type": "int"
        },
        "isBlobSoftDeleteEnabled": {
            "type": "bool"
        },
        "blobSoftDeleteRetentionDays": {
            "type": "int"
        },
        "isContainerSoftDeleteEnabled": {
            "type": "bool"
        },
        "containerSoftDeleteRetentionDays": {
            "type": "int"
        },
        "changeFeed": {
            "type": "bool"
        },
        "changeFeedRetentionDays": {
            "type": "int"
        },
        "isVersioningEnabled": {
            "type": "bool"
        },
        "isShareSoftDeleteEnabled": {
            "type": "bool"
        },
        "shareSoftDeleteRetentionDays": {
            "type": "int"
        }
    },
    "variables": {},
    "resources": [
        {
            "name": "[parameters('storageAccountName')]",
            "type": "Microsoft.Storage/storageAccounts",
            "apiVersion": "2023-05-01",
            "location": "[parameters('location')]",
            "properties": {
                "minimumTlsVersion": "[parameters('minimumTlsVersion')]",
                "supportsHttpsTrafficOnly": "[parameters('supportsHttpsTrafficOnly')]",
                "allowBlobPublicAccess": "[parameters('allowBlobPublicAccess')]",
                "allowSharedKeyAccess": "[parameters('allowSharedKeyAccess')]",
                "defaultToOAuthAuthentication": "[parameters('defaultOAuth')]",
                "accessTier": "[parameters('accessTier')]",
                "publicNetworkAccess": "[parameters('publicNetworkAccess')]",
                "allowCrossTenantReplication": "[parameters('allowCrossTenantReplication')]",
                "networkAcls": {
                    "bypass": "[parameters('networkAclsBypass')]",
                    "defaultAction": "[parameters('networkAclsDefaultAction')]",
                    "ipRules": "[parameters('networkAclsIpRules')]"
                },
                "dnsEndpointType": "[parameters('dnsEndpointType')]",
                "largeFileSharesState": "[parameters('largeFileSharesState')]",
                "encryption": {
                    "keySource": "[parameters('keySource')]",
                    "services": {
                        "blob": {
                            "enabled": "[parameters('encryptionEnabled')]"
                        },
                        "file": {
                            "enabled": "[parameters('encryptionEnabled')]"
                        },
                        "table": {
                            "enabled": "[parameters('encryptionEnabled')]"
                        },
                        "queue": {
                            "enabled": "[parameters('encryptionEnabled')]"
                        }
                    },
                    "requireInfrastructureEncryption": "[parameters('infrastructureEncryptionEnabled')]"
                }
            },
            "dependsOn": [],
            "sku": {
                "name": "[parameters('accountType')]"
            },
            "kind": "[parameters('kind')]",
            "tags": {}
        },
        {
            "name": "[concat(parameters('storageAccountName'), '/default')]",
            "type": "Microsoft.Storage/storageAccounts/blobServices",
            "apiVersion": "2023-05-01",
            "properties": {
                "restorePolicy": {
                    "enabled": "[parameters('isContainerRestoreEnabled')]",
                    "days": "[parameters('containerRestorePeriodDays')]"
                },
                "deleteRetentionPolicy": {
                    "enabled": "[parameters('isBlobSoftDeleteEnabled')]",
                    "days": "[parameters('blobSoftDeleteRetentionDays')]"
                },
                "containerDeleteRetentionPolicy": {
                    "enabled": "[parameters('isContainerSoftDeleteEnabled')]",
                    "days": "[parameters('containerSoftDeleteRetentionDays')]"
                },
                "changeFeed": {
                    "enabled": "[parameters('changeFeed')]",
                    "retentionInDays": "[parameters('changeFeedRetentionDays')]"
                },
                "isVersioningEnabled": "[parameters('isVersioningEnabled')]"
            },
            "dependsOn": [
                "[concat('Microsoft.Storage/storageAccounts/', parameters('storageAccountName'))]"
            ]
        },
        {
            "name": "[concat(parameters('storageAccountName'), '/default')]",
            "type": "Microsoft.Storage/storageAccounts/fileservices",
            "apiVersion": "2023-05-01",
            "properties": {
                "protocolSettings": null,
                "shareDeleteRetentionPolicy": {
                    "enabled": "[parameters('isShareSoftDeleteEnabled')]",
                    "days": "[parameters('shareSoftDeleteRetentionDays')]"
                }
            },
            "dependsOn": [
                "[concat('Microsoft.Storage/storageAccounts/', parameters('storageAccountName'))]",
                "[concat(concat('Microsoft.Storage/storageAccounts/', parameters('storageAccountName')), '/blobServices/default')]"
            ]
        },
        {
            "apiVersion": "2018-05-01",
            "type": "Microsoft.Resources/deployments",
            "name": "privateEndpoints_0.7393864216061214",
            "subscriptionId": "5c2ce0f6-37d7-495e-a54a-df038677c0b9",
            "resourceGroup": "MultiSoftware_Enterprise",
            "dependsOn": [
                "Microsoft.Storage/storageAccounts/unstructureddata"
            ],
            "resources": [],
            "properties": {
                "mode": "Incremental",
                "parameters": {
                    "privateEndpointName": {
                        "value": "multiSoftware"
                    },
                    "privateEndpointConnectionId": {
                        "value": "/subscriptions/5c2ce0f6-37d7-495e-a54a-df038677c0b9/resourceGroups/MultiSoftware_Enterprise/providers/Microsoft.Network/privateEndpoints/privateLinkServiceConnections/multiSoftware_0d1ff4d3-cee2-401a-9fad-99ec20ba5013"
                    },
                    "privateEndpointConnectionName": {
                        "value": "multiSoftware_0d1ff4d3-cee2-401a-9fad-99ec20ba5013"
                    },
                    "privateEndpointId": {
                        "value": "/subscriptions/5c2ce0f6-37d7-495e-a54a-df038677c0b9/resourceGroups/MultiSoftware_Enterprise/providers/Microsoft.Network/privateEndpoints/multiSoftware"
                    },
                    "privateEndpointApiVersion": {
                        "value": "2021-05-01"
                    },
                    "privateLinkServiceId": {
                        "value": "/subscriptions/5c2ce0f6-37d7-495e-a54a-df038677c0b9/resourcegroups/MultiSoftware_Enterprise/providers/Microsoft.Storage/storageAccounts/unstructureddata"
                    },
                    "groupId": {
                        "value": "blob"
                    },
                    "subnetId": {
                        "value": "/subscriptions/5c2ce0f6-37d7-495e-a54a-df038677c0b9/resourceGroups/MultiSoftware_Enterprise/providers/Microsoft.Network/virtualNetworks/multiSoftNet/subnets/multiSoft"
                    },
                    "location": {
                        "value": "switzerlandnorth"
                    },
                    "tags": {
                        "value": {}
                    }
                },
                "templatelink": {
                    "contentVersion": "1.0.0.0",
                    "uri": "https://storage.hosting.portal.azure.net/storage/Content/5.13.393.2022/DeploymentTemplates/PrivateEndpointForStorage.json"
                }
            }
        },
        {
            "apiVersion": "2018-05-01",
            "name": "PrivateDns-0.954686159071421",
            "type": "Microsoft.Resources/deployments",
            "resourceGroup": "[string('MultiSoftware_Enterprise')]",
            "dependsOn": [
                "[string('privateEndpoints_0.7393864216061214')]"
            ],
            "properties": {
                "mode": "Incremental",
                "template": {
                    "$schema": "https://schema.management.azure.com/schemas/2015-01-01/deploymentTemplate.json#",
                    "contentVersion": "1.0.0.0",
                    "resources": [
                        {
                            "type": "Microsoft.Network/privateDnsZones",
                            "apiVersion": "2018-09-01",
                            "name": "[string('privatelink.blob.core.windows.net')]",
                            "location": "global",
                            "tags": {},
                            "properties": {}
                        },
                        {
                            "type": "Microsoft.Network/privateDnsZones/virtualNetworkLinks",
                            "apiVersion": "2018-09-01",
                            "name": "[concat(string('privatelink.blob.core.windows.net'), '/', uniqueString(string('/subscriptions/5c2ce0f6-37d7-495e-a54a-df038677c0b9/resourceGroups/MultiSoftware_Enterprise/providers/Microsoft.Network/virtualNetworks/multiSoftNet')))]",
                            "location": "global",
                            "dependsOn": [
                                "[string('privatelink.blob.core.windows.net')]"
                            ],
                            "properties": {
                                "virtualNetwork": {
                                    "id": "[string('/subscriptions/5c2ce0f6-37d7-495e-a54a-df038677c0b9/resourceGroups/MultiSoftware_Enterprise/providers/Microsoft.Network/virtualNetworks/multiSoftNet')]"
                                },
                                "registrationEnabled": false
                            }
                        },
                        {
                            "apiVersion": "2017-05-10",
                            "name": "EndpointDnsRecords-0.954686159071421",
                            "type": "Microsoft.Resources/deployments",
                            "dependsOn": [
                                "[string('privatelink.blob.core.windows.net')]"
                            ],
                            "properties": {
                                "mode": "Incremental",
                                "templatelink": {
                                    "contentVersion": "1.0.0.0",
                                    "uri": "https://storage.hosting.portal.azure.net/storage/Content/5.13.393.2022/DeploymentTemplates/PrivateDnsForPrivateEndpoint.json"
                                },
                                "parameters": {
                                    "privateDnsName": {
                                        "value": "[string('privatelink.blob.core.windows.net')]"
                                    },
                                    "privateEndpointNicResourceId": {
                                        "value": "[reference('privateEndpoints_0.7393864216061214').outputs.networkInterfaceId.value]"
                                    },
                                    "nicRecordsTemplateUri": {
                                        "value": "https://storage.hosting.portal.azure.net/storage/Content/5.13.393.2022/DeploymentTemplates/PrivateDnsForPrivateEndpointNic.json"
                                    },
                                    "ipConfigRecordsTemplateUri": {
                                        "value": "https://storage.hosting.portal.azure.net/storage/Content/5.13.393.2022/DeploymentTemplates/PrivateDnsForPrivateEndpointIpConfig.json"
                                    },
                                    "uniqueId": {
                                        "value": "0.954686159071421"
                                    },
                                    "existingRecords": {
                                        "value": {}
                                    }
                                }
                            }
                        }
                    ]
                }
            },
            "subscriptionId": "[string('5c2ce0f6-37d7-495e-a54a-df038677c0b9')]"
        }
    ],
    "outputs": {}
}