{
    "$schema": "https://schema.management.azure.com/schemas/2015-01-01/deploymentParameters.json#",
    "contentVersion": "1.0.0.0",
    "parameters": {
        "subscriptionId": {
            "value": "da16b43a-ea1c-44c9-bb7e-55a6cb0fb318"
        },
        "resourceGroupName": {
            "value": "NetworkWatcherRG"
        },
        "name": {
            "value": "AppMultiSoftware"
        },
        "location": {
            "value": "Italy North"
        },
        "hostingPlanName": {
            "value": "ASP-NetworkWatcherRG-bf07"
        },
        "serverFarmResourceGroup": {
            "value": "NetworkWatcherRG"
        },
        "alwaysOn": {
            "value": false
        },
        "ftpsState": {
            "value": "FtpsOnly"
        },
        "autoGeneratedDomainNameLabelScope": {
            "value": "TenantReuse"
        },
        "sku": {
            "value": "Basic"
        },
        "skuCode": {
            "value": "B1"
        },
        "numberOfWorkers": {
            "value": "1"
        },
        "workerSize": {
            "value": "0"
        },
        "workerSizeId": {
            "value": "0"
        },
        "linuxFxVersion": {
            "value": "DOTNETCORE|8.0"
        }
    }
}