{
    "$schema": "https://schema.management.azure.com/schemas/2015-01-01/deploymentParameters.json#",
    "contentVersion": "1.0.0.0",
    "parameters": {
        "type": {
            "value": "web"
        },
        "name": {
            "value": "CompanyInsights"
        },
        "regionId": {
            "value": "northeurope"
        },
        "tagsArray": {
            "value": {}
        },
        "requestSource": {
            "value": "IbizaAIExtension"
        },
        "workspaceResourceId": {
            "value": "/subscriptions/da16b43a-ea1c-44c9-bb7e-55a6cb0fb318/resourcegroups/DefaultResourceGroup-NEU/providers/Microsoft.OperationalInsights/workspaces/DefaultWorkspace-da16b43a-ea1c-44c9-bb7e-55a6cb0fb318-NEU"
        }
    }
}